"","NDVI","Time","Type"
"1",-1928.86839874833,2000-02-18,"none"
"2",-1896.3756292053,2000-02-19,"none"
"3",-1862.25981337262,2000-02-20,"none"
"4",-1826.56015108195,2000-02-21,"none"
"5",-1789.31857895408,2000-02-22,"none"
"6",-1750.57969425284,2000-02-23,"none"
"7",-1710.39067303846,2000-02-24,"none"
"8",-1668.80118234055,2000-02-25,"none"
"9",-1625.86328662783,2000-02-26,"none"
"10",-1581.63134886803,2000-02-27,"none"
"11",-1536.16192629045,2000-02-28,"none"
"12",-1489.51366119535,2000-02-29,"none"
"13",-1441.74716698679,2000-03-01,"none"
"14",-1392.92490973033,2000-03-02,"none"
"15",-1343.11108549454,2000-03-03,"none"
"16",-1292.3714937671,2000-03-04,"none"
"17",-1240.77340723488,2000-03-05,"none"
"18",-1188.38543823918,2000-03-06,"none"
"19",-1135.2774022098,2000-03-07,"none"
"20",-1081.52017840631,2000-03-08,"none"
"21",-1027.18556828382,2000-03-09,"none"
"22",-972.346151822099,2000-03-10,"none"
"23",-917.075142154647,2000-03-11,"none"
"24",-861.446238836227,2000-03-12,"none"
"25",-805.533480096871,2000-03-13,"none"
"26",-749.41109442887,2000-03-14,"none"
"27",-693.153351855662,2000-03-15,"none"
"28",-636.834415233542,2000-03-16,"none"
"29",-580.528191935172,2000-03-17,"none"
"30",-524.308186264122,2000-03-18,"none"
"31",-468.247352947481,2000-03-19,"none"
"32",-412.417952050736,2000-03-20,"none"
"33",-356.891405655481,2000-03-21,"none"
"34",-301.738156636194,2000-03-22,"none"
"35",-247.027529866876,2000-03-23,"none"
"36",-192.827596182267,2000-03-24,"none"
"37",-139.205039411331,2000-03-25,"none"
"38",-86.2250267929966,2000-03-26,"none"
"39",-33.9510830755532,2000-03-27,"none"
"40",17.5550314081747,2000-03-28,"none"
"41",68.2334384077908,2000-03-29,"none"
"42",118.02625489304,2000-03-30,"none"
"43",166.877701402365,2000-03-31,"none"
"44",214.734205354374,2000-04-01,"none"
"45",261.544499087025,2000-04-02,"none"
"46",307.259712402567,2000-04-03,"none"
"47",351.833459410068,2000-04-04,"none"
"48",395.221919471713,2000-04-05,"none"
"49",437.383912073824,2000-04-06,"none"
"50",478.28096545881,2000-04-07,"none"
"51",517.877378869866,2000-04-08,"none"
"52",556.140278276235,2000-04-09,"none"
"53",593.03966546319,2000-04-10,"none"
"54",628.548460387399,2000-04-11,"none"
"55",662.642536715235,2000-04-12,"none"
"56",695.300750478525,2000-04-13,"none"
"57",726.504961799427,2000-04-14,"none"
"58",756.240049653312,2000-04-15,"none"
"59",784.493919655914,2000-04-16,"none"
"60",811.257504878217,2000-04-17,"none"
"61",836.52475970991,2000-04-18,"none"
"62",860.292646809403,2000-04-19,"none"
"63",882.561117195469,2000-04-20,"none"
"64",903.333083552486,2000-04-21,"none"
"65",922.614386837997,2000-04-22,"none"
"66",940.413756297662,2000-04-23,"none"
"67",956.742763008919,2000-04-24,"none"
"68",971.615767090429,2000-04-25,"none"
"69",985.049858729837,2000-04-26,"none"
"70",997.064793197399,2000-04-27,"none"
"71",1007.68292002759,2000-04-28,"none"
"72",1016.92910656488,2000-04-29,"none"
"73",1024.83065608342,2000-04-30,"none"
"74",1031.41722070335,2000-05-01,"none"
"75",1036.72070933886,2000-05-02,"none"
"76",1040.77519092485,2000-05-03,"none"
"77",1043.6167931802,2000-05-04,"none"
"78",1045.28359717599,2000-05-05,"none"
"79",1045.81552798692,2000-05-06,"none"
"80",1045.25424171291,2000-05-07,"none"
"81",1043.6430091662,2000-05-08,"none"
"82",1041.02659652683,2000-05-09,"none"
"83",1037.45114327584,2000-05-10,"none"
"84",1032.96403772148,2000-05-11,"none"
"85",1027.61379043869,2000-05-12,"none"
"86",1021.44990594637,2000-05-13,"none"
"87",1014.52275295019,2000-05-14,"none"
"88",1006.88343348127,2000-05-15,"none"
"89",998.583651262621,2000-05-16,"none"
"90",989.675579635986,2000-05-17,"none"
"91",980.211729381724,2000-05-18,"none"
"92",970.244816763314,2000-05-19,"none"
"93",959.827632126281,2000-05-20,"none"
"94",949.012909378701,2000-05-21,"none"
"95",937.853196676917,2000-05-22,"none"
"96",926.400728635767,2000-05-23,"none"
"97",914.70730037747,2000-05-24,"none"
"98",902.824143727376,2000-05-25,"none"
"99",890.801805858023,2000-05-26,"none"
"100",878.690030675463,2000-05-27,"none"
"101",866.537643233536,2000-05-28,"none"
"102",854.39243745283,2000-05-29,"none"
"103",842.301067411368,2000-05-30,"none"
"104",830.308942463744,2000-05-31,"none"
"105",818.460126434414,2000-06-01,"none"
"106",806.797241119288,2000-06-02,"none"
"107",795.361374317577,2000-06-03,"none"
"108",784.191992603118,2000-06-04,"none"
"109",773.326859031183,2000-06-05,"none"
"110",762.801955963057,2000-06-06,"none"
"111",752.651413176522,2000-06-07,"none"
"112",742.907441415835,2000-06-08,"none"
"113",733.600271519867,2000-06-09,"none"
"114",724.758099251864,2000-06-10,"none"
"115",716.407035938729,2000-06-11,"none"
"116",708.571065012029,2000-06-12,"none"
"117",701.27200452692,2000-06-13,"none"
"118",694.529475719154,2000-06-14,"none"
"119",688.360877644037,2000-06-15,"none"
"120",682.781367924997,2000-06-16,"none"
"121",677.803849623073,2000-06-17,"none"
"122",673.438964222365,2000-06-18,"none"
"123",669.695090710272,2000-06-19,"none"
"124",666.578350715217,2000-06-20,"none"
"125",664.092619648575,2000-06-21,"none"
"126",662.239543781803,2000-06-22,"none"
"127",661.018563174143,2000-06-23,"none"
"128",660.426940351064,2000-06-24,"none"
"129",660.459794618649,2000-06-25,"none"
"130",661.110141884463,2000-06-26,"none"
"131",662.36893984134,2000-06-27,"none"
"132",664.225138356626,2000-06-28,"none"
"133",666.665734896199,2000-06-29,"none"
"134",669.675834799701,2000-06-30,"none"
"135",673.238716211171,2000-07-01,"none"
"136",677.335899457525,2000-07-02,"none"
"137",681.947220656236,2000-07-03,"none"
"138",687.050909323039,2000-07-04,"none"
"139",692.623669740653,2000-07-05,"none"
"140",698.640765840344,2000-07-06,"none"
"141",705.076109339662,2000-07-07,"none"
"142",711.902350871974,2000-07-08,"none"
"143",719.090973836361,2000-07-09,"none"
"144",726.612390690216,2000-07-10,"none"
"145",734.436041401423,2000-07-11,"none"
"146",742.530493772273,2000-07-12,"none"
"147",750.863545343379,2000-07-13,"none"
"148",759.402326582828,2000-07-14,"none"
"149",768.113405063436,2000-07-15,"none"
"150",776.962890329622,2000-07-16,"none"
"151",785.916539154706,2000-07-17,"none"
"152",794.93986088967,2000-07-18,"none"
"153",803.998222605423,2000-07-19,"none"
"154",813.05695373241,2000-07-20,"none"
"155",822.081449904072,2000-07-21,"none"
"156",831.037275714075,2000-07-22,"none"
"157",839.890266101434,2000-07-23,"none"
"158",848.606626082694,2000-07-24,"none"
"159",857.153028556047,2000-07-25,"none"
"160",865.496709908786,2000-07-26,"none"
"161",873.605563166729,2000-07-27,"none"
"162",881.448228432152,2000-07-28,"none"
"163",888.994180365423,2000-07-29,"none"
"164",896.213812474741,2000-07-30,"none"
"165",903.078517988348,2000-07-31,"none"
"166",909.560767094034,2000-08-01,"none"
"167",915.634180341841,2000-08-02,"none"
"168",921.273598017498,2000-08-03,"none"
"169",926.455145306246,2000-08-04,"none"
"170",931.156293079262,2000-08-05,"none"
"171",935.355914148004,2000-08-06,"none"
"172",939.034334845168,2000-08-07,"none"
"173",942.173381804792,2000-08-08,"none"
"174",944.756423828164,2000-08-09,"none"
"175",946.768408736598,2000-08-10,"none"
"176",948.195895126825,2000-08-11,"none"
"177",949.0270789596,2000-08-12,"none"
"178",949.251814927184,2000-08-13,"none"
"179",948.861632560491,2000-08-14,"none"
"180",947.849747051979,2000-08-15,"none"
"181",946.211064785582,2000-08-16,"none"
"182",943.942183580328,2000-08-17,"none"
"183",941.041387669476,2000-08-18,"none"
"184",937.508637452156,2000-08-19,"none"
"185",933.345554069551,2000-08-20,"none"
"186",928.555398872464,2000-08-21,"none"
"187",923.143047861781,2000-08-22,"none"
"188",917.114961197705,2000-08-23,"none"
"189",910.479147887773,2000-08-24,"none"
"190",903.245125777366,2000-08-25,"none"
"191",895.423876979899,2000-08-26,"none"
"192",887.027798896812,2000-08-27,"none"
"193",878.070650990068,2000-08-28,"none"
"194",868.567497481934,2000-08-29,"none"
"195",858.534646168397,2000-08-30,"none"
"196",847.989583543607,2000-08-31,"none"
"197",836.950906443181,2000-09-01,"none"
"198",825.43825042409,2000-09-02,"none"
"199",813.472215108077,2000-09-03,"none"
"200",801.074286724162,2000-09-04,"none"
"201",788.266758093669,2000-09-05,"none"
"202",775.072646308465,2000-09-06,"none"
"203",761.51560835959,2000-09-07,"none"
"204",747.619854979224,2000-09-08,"none"
"205",733.410062963961,2000-09-09,"none"
"206",718.911286251607,2000-09-10,"none"
"207",704.148866027233,2000-09-11,"none"
"208",689.14834013687,2000-09-12,"none"
"209",673.935352089168,2000-09-13,"none"
"210",658.535559926444,2000-09-14,"none"
"211",642.974545246853,2000-09-15,"none"
"212",627.277722658927,2000-09-16,"none"
"213",611.470249948435,2000-09-17,"none"
"214",595.576939235429,2000-09-18,"none"
"215",579.622169396482,2000-09-19,"none"
"216",563.629800023444,2000-09-20,"none"
"217",547.623087185621,2000-09-21,"none"
"218",531.62460125711,2000-09-22,"none"
"219",515.656147065058,2000-09-23,"none"
"220",499.738686607967,2000-09-24,"none"
"221",483.892264585799,2000-09-25,"none"
"222",468.135936975544,2000-09-26,"none"
"223",452.48770287721,2000-09-27,"none"
"224",436.964439845793,2000-09-28,"none"
"225",421.581842914799,2000-09-29,"none"
"226",406.354367506282,2000-09-30,"none"
"227",391.295176411244,2000-10-01,"none"
"228",376.416091012544,2000-10-02,"none"
"229",361.727546910245,2000-10-03,"none"
"230",347.238554096758,2000-10-04,"none"
"231",332.956661815982,2000-10-05,"none"
"232",318.887928227207,2000-10-06,"none"
"233",305.036894980728,2000-10-07,"none"
"234",291.406566797904,2000-10-08,"none"
"235",277.998396134029,2000-10-09,"none"
"236",264.812272987672,2000-10-10,"none"
"237",251.846519905261,2000-10-11,"none"
"238",239.097892214678,2000-10-12,"none"
"239",226.561583506433,2000-10-13,"none"
"240",214.231236365817,2000-10-14,"none"
"241",202.098958344097,2000-10-15,"none"
"242",190.155343141606,2000-10-16,"none"
"243",178.389496960362,2000-10-17,"none"
"244",166.789069968726,2000-10-18,"none"
"245",155.34029280563,2000-10-19,"none"
"246",144.028018037106,2000-10-20,"none"
"247",132.835766463228,2000-10-21,"none"
"248",121.745778159317,2000-10-22,"none"
"249",110.739068121109,2000-10-23,"none"
"250",99.7954863700136,2000-10-24,"none"
"251",88.8937823611478,2000-10-25,"none"
"252",78.0116735240183,2000-10-26,"none"
"253",67.1259177531683,2000-10-27,"none"
"254",56.2123896541807,2000-10-28,"none"
"255",45.24616033896,2000-10-29,"none"
"256",34.2015805532471,2000-10-30,"none"
"257",23.0523669090242,2000-10-31,"none"
"258",11.7716909847543,2000-11-01,"none"
"259",0.332271047234144,2000-11-02,"none"
"260",-11.2935338595236,2000-11-03,"none"
"261",-23.1336277207306,2000-11-04,"none"
"262",-35.2160795219939,2000-11-05,"none"
"263",-47.5690236608999,2000-11-06,"none"
"264",-60.2205590802754,2000-11-07,"none"
"265",-73.198647409179,2000-11-08,"none"
"266",-86.5310104016708,2000-11-09,"none"
"267",-100.245026966674,2000-11-10,"none"
"268",-114.367630084609,2000-11-11,"none"
"269",-128.925203908175,2000-11-12,"none"
"270",-143.943481345315,2000-11-13,"none"
"271",1493.00075896889,2000-11-14,"none"
"272",1072.2213565233,2000-11-15,"none"
"273",688.523556050147,2000-11-16,"none"
"274",340.312688792102,2000-11-17,"none"
"275",25.9725035404263,2000-11-18,"none"
"276",-256.129212072018,2000-11-19,"none"
"277",-507.635090142515,2000-11-20,"none"
"278",-730.192736604641,2000-11-21,"none"
"279",-925.449396128248,2000-11-22,"none"
"280",-1095.04674262007,2000-11-23,"none"
"281",-1240.61580963865,2000-11-24,"none"
"282",-1363.77207450826,2000-11-25,"none"
"283",-1466.11070934668,2000-11-26,"none"
"284",-1549.20201162071,2000-11-27,"none"
"285",-1614.58702620528,2000-11-28,"none"
"286",-1663.77337025512,2000-11-29,"none"
"287",-1698.23127150089,2000-11-30,"none"
"288",-1719.38982985544,2000-12-01,"none"
"289",-1728.63351146697,2000-12-02,"none"
"290",-1727.29888358192,2000-12-03,"none"
"291",-1716.67159778555,2000-12-04,"none"
"292",-1697.9836283757,2000-12-05,"none"
"293",-1672.41077179586,2000-12-06,"none"
"294",-1641.07041221002,2000-12-07,"none"
"295",-1605.01955744752,2000-12-08,"none"
"296",-1565.25314868167,2000-12-09,"none"
"297",-1522.70264633691,2000-12-10,"none"
"298",-1478.23489384286,2000-12-11,"none"
"299",-1432.6512599802,2000-12-12,"none"
"300",-1386.68705968568,2000-12-13,"none"
"301",-1341.01125231436,2000-12-14,"none"
"302",-1296.22641548955,2000-12-15,"none"
"303",-1252.86899181516,2000-12-16,"none"
"304",-1211.40980487716,2000-12-17,"none"
"305",-1172.25484012924,2000-12-18,"none"
"306",-1135.74628543791,2000-12-19,"none"
"307",-1102.16382526433,2000-12-20,"none"
"308",-1071.72618167913,2000-12-21,"none"
"309",-1044.5928946496,2000-12-22,"none"
"310",-1020.86633330478,2000-12-23,"none"
"311",-1000.59392917951,2000-12-24,"none"
"312",-983.770621757624,2000-12-25,"none"
"313",-970.341505990058,2000-12-26,"none"
"314",-960.204670846278,2000-12-27,"none"
"315",-953.214217377014,2000-12-28,"none"
"316",-949.183444220749,2000-12-29,"none"
"317",-947.888187978374,2000-12-30,"none"
"318",-949.07030540898,2001-01-01,"none"
"319",-952.441283972268,2001-01-01,"none"
"320",-957.685966852517,2001-01-02,"none"
"321",-964.466378252894,2001-01-03,"none"
"322",-972.425634446116,2001-01-04,"none"
"323",-981.19192580727,2001-01-06,"none"
"324",-990.382554841285,2001-01-06,"none"
"325",-999.608015046493,2001-01-07,"none"
"326",-1008.47609533478,2001-01-08,"none"
"327",-1016.59599464983,2001-01-09,"none"
"328",-1023.58243139492,2001-01-10,"none"
"329",-1029.05973229799,2001-01-12,"none"
"330",-1032.66588540272,2001-01-12,"none"
"331",-1034.05654198503,2001-01-13,"none"
"332",-1032.90895234543,2001-01-14,"none"
"333",-1028.92582063233,2001-01-15,"none"
"334",-1021.839064092,2001-01-17,"none"
"335",-1011.41346243291,2001-01-18,"none"
"336",-997.450183324413,2001-01-18,"none"
"337",-979.790170423894,2001-01-19,"none"
"338",-958.317380745514,2001-01-20,"none"
"339",-932.961858638469,2001-01-21,"none"
"340",-903.702634140648,2001-01-23,"none"
"341",-870.570434006252,2001-01-23,"none"
"342",-833.650194276572,2001-01-24,"none"
"343",-793.083363867058,2001-01-25,"none"
"344",-749.06998928142,2001-01-26,"none"
"345",-701.870571231892,2001-01-27,"none"
"346",-651.80768464179,2001-01-29,"none"
"347",-599.267354231716,2001-01-29,"none"
"348",-544.700178640324,2001-01-30,"none"
"349",-488.622196802718,2001-01-31,"none"
"350",-431.615491104993,2001-02-01,"none"
"351",-374.328522642977,2001-02-03,"none"
"352",-317.476194744702,2001-02-04,"none"
"353",-261.839641756045,2001-02-04,"none"
"354",-208.265740944803,2001-02-05,"none"
"355",-157.666346240646,2001-02-06,"none"
"356",-111.017243398777,2001-02-07,"none"
"357",-69.3568270489227,2001-02-09,"none"
"358",-33.7845009670922,2001-02-09,"none"
"359",-5.45880378288857,2001-02-10,"none"
"360",14.4047367936552,2001-02-11,"none"
"361",24.5360172750569,2001-02-12,"none"
"362",23.6130344213451,2001-02-13,"none"
"363",10.264818331849,2001-02-15,"none"
"364",-16.9253838853247,2001-02-15,"none"
"365",-59.4166811735831,2001-02-16,"none"
"366",-118.70687642579,2001-02-17,"none"
"367",-196.328578107836,2001-02-18,"none"
"368",-293.845095254469,2001-02-20,"none"
"369",-412.846126215539,2001-02-21,"none"
"370",-554.943252239129,2001-02-21,"none"
"371",-721.765247653257,2001-02-22,"none"
"372",-914.953219056114,2001-02-23,"none"
"373",-1136.15558653736,2001-02-24,"none"
"374",-1387.02292053264,2001-02-26,"none"
"375",-1669.20264845568,2001-02-27,"none"
"376",-1984.33364575726,2001-02-27,"none"
"377",-2334.0407265259,2001-02-28,"none"
"378",-2719.9290491681,2001-03-01,"none"
"379",-3143.57845308895,2001-03-02,"none"
"380",-3606.53774263194,2001-03-04,"none"
"381",-984.076950026172,2001-03-04,"none"
"382",-971.627380172553,2001-03-05,"none"
"383",-958.45631118907,2001-03-06,"none"
"384",-944.539972244513,2001-03-07,"none"
"385",-929.856292545648,2001-03-09,"none"
"386",-914.384988710467,2001-03-10,"none"
"387",-898.107647200845,2001-03-10,"none"
"388",-881.007801573647,2001-03-11,"none"
"389",-863.071004323547,2001-03-12,"none"
"390",-844.284893105666,2001-03-13,"none"
"391",-824.639251141462,2001-03-15,"none"
"392",-804.126061627327,2001-03-16,"none"
"393",-782.739555981713,2001-03-16,"none"
"394",-760.476255783586,2001-03-17,"none"
"395",-737.335008272228,2001-03-18,"none"
"396",-713.317015296166,2001-03-19,"none"
"397",-688.42585561694,2001-03-21,"none"
"398",-662.667500491682,2001-03-21,"none"
"399",-636.050322477018,2001-03-22,"none"
"400",-608.585097415328,2001-03-23,"none"
"401",-580.284999583311,2001-03-24,"none"
"402",-551.165590001458,2001-03-26,"none"
"403",-521.244797922093,2001-03-27,"none"
"404",-490.542895532193,2001-03-27,"none"
"405",-459.08246592621,2001-03-28,"none"
"406",-426.888364422411,2001-03-29,"none"
"407",-393.98767331495,2001-03-30,"none"
"408",-360.409650171764,2001-04-01,"none"
"409",-326.185669806488,2001-04-02,"none"
"410",-291.349160070032,2001-04-02,"none"
"411",-255.935531624585,2001-04-03,"none"
"412",-219.982101879666,2001-04-04,"none"
"413",-183.528013285952,2001-04-05,"none"
"414",-146.614146198522,2001-04-07,"none"
"415",-109.283026536152,2001-04-08,"none"
"416",-71.5787284780581,2001-04-08,"none"
"417",-33.5467724532847,2001-04-09,"none"
"418",4.76598130878642,2001-04-10,"none"
"419",43.3114433856483,2001-04-12,"none"
"420",82.0404096339463,2001-04-13,"none"
"421",120.902679222784,2001-04-13,"none"
"422",159.847175914218,2001-04-14,"none"
"423",198.822072267374,2001-04-15,"none"
"424",237.774916434468,2001-04-16,"none"
"425",276.652761209139,2001-04-18,"none"
"426",315.402294981033,2001-04-19,"none"
"427",353.969974244647,2001-04-19,"none"
"428",392.302157305788,2001-04-20,"none"
"429",430.345238825018,2001-04-21,"none"
"430",468.045784834673,2001-04-22,"none"
"431",505.350667864101,2001-04-24,"none"
"432",542.207201806818,2001-04-25,"none"
"433",578.563276163478,2001-04-25,"none"
"434",614.36748929541,2001-04-26,"none"
"435",649.569280325751,2001-04-27,"none"
"436",684.119059328039,2001-04-28,"none"
"437",717.96833544628,2001-04-30,"none"
"438",751.069842595342,2001-04-30,"none"
"439",783.377662396573,2001-05-01,"none"
"440",814.847344010327,2001-05-02,"none"
"441",845.436020534804,2001-05-03,"none"
"442",875.102521649452,2001-05-05,"none"
"443",903.807482190505,2001-05-06,"none"
"444",931.513446356846,2001-05-06,"none"
"445",958.184967255443,2001-05-07,"none"
"446",983.788701507725,2001-05-08,"none"
"447",1008.29349865098,2001-05-09,"none"
"448",1031.67048508245,2001-05-11,"none"
"449",1053.89314230789,2001-05-12,"none"
"450",1074.93737927127,2001-05-12,"none"
"451",1094.78159855793,2001-05-13,"none"
"452",1113.40675627914,2001-05-14,"none"
"453",1130.7964154631,2001-05-15,"none"
"454",1146.93679279418,2001-05-17,"none"
"455",1161.81679855971,2001-05-17,"none"
"456",1175.42806968175,2001-05-18,"none"
"457",1187.76499572937,2001-05-19,"none"
"458",1198.8247378255,2001-05-20,"none"
"459",1208.60724038153,2001-05-22,"none"
"460",1217.11523561138,2001-05-23,"none"
"461",1224.35424079638,2001-05-23,"none"
"462",1230.33254829134,2001-05-24,"none"
"463",1235.06120828154,2001-05-25,"none"
"464",1238.55400431976,2001-05-26,"none"
"465",1240.82742169165,2001-05-28,"none"
"466",1241.90060867693,2001-05-29,"none"
"467",1241.79533079303,2001-05-29,"none"
"468",1240.53591812626,2001-05-30,"none"
"469",1238.14920587458,2001-05-31,"none"
"470",1234.66446824385,2001-06-01,"none"
"471",1230.11334585763,2001-06-03,"none"
"472",1224.52976685781,2001-06-04,"none"
"473",1217.94986189067,2001-06-04,"none"
"474",1210.41187318913,2001-06-05,"none"
"475",1201.95605797824,2001-06-06,"none"
"476",1192.62458644622,2001-06-08,"none"
"477",1182.4614345381,2001-06-09,"none"
"478",1171.51227184327,2001-06-09,"none"
"479",1159.82434486133,2001-06-10,"none"
"480",1147.44635594385,2001-06-11,"none"
"481",1134.42833822082,2001-06-12,"none"
"482",1120.82152683234,2001-06-14,"none"
"483",1106.67822679587,2001-06-15,"none"
"484",1092.05167784894,2001-06-15,"none"
"485",1076.99591661581,2001-06-16,"none"
"486",1061.56563645382,2001-06-17,"none"
"487",1045.8160453422,2001-06-18,"none"
"488",1029.80272218163,2001-06-20,"none"
"489",1013.58147187742,2001-06-21,"none"
"490",997.208179583339,2001-06-21,"none"
"491",980.738664485354,2001-06-22,"none"
"492",964.228533506774,2001-06-23,"none"
"493",947.733035316742,2001-06-25,"none"
"494",931.306915023896,2001-06-26,"none"
"495",915.004269935701,2001-06-26,"none"
"496",898.878406761715,2001-06-27,"none"
"497",882.981700635811,2001-06-28,"none"
"498",867.365456328022,2001-06-29,"none"
"499",852.079772011545,2001-07-01,"none"
"500",837.173405944168,2001-07-02,"none"
"501",822.693646416233,2001-07-02,"none"
"502",808.686185309169,2001-07-03,"none"
"503",795.194995599593,2001-07-04,"none"
"504",782.262213134108,2001-07-05,"none"
"505",769.928022989152,2001-07-07,"none"
"506",758.230550718641,2001-07-08,"none"
"507",747.205758779768,2001-07-08,"none"
"508",736.887348414101,2001-07-09,"none"
"509",727.306667247267,2001-07-10,"none"
"510",718.492622855812,2001-07-12,"none"
"511",710.471602534589,2001-07-13,"none"
"512",703.267399482097,2001-07-13,"none"
"513",696.901145604685,2001-07-14,"none"
"514",691.391251123525,2001-07-15,"none"
"515",686.753351150683,2001-07-16,"none"
"516",683.000259382674,2001-07-18,"none"
"517",680.141929041468,2001-07-19,"none"
"518",678.185421174194,2001-07-19,"none"
"519",677.134880403718,2001-07-20,"none"
"520",676.991518203005,2001-07-21,"none"
"521",677.75360374662,2001-07-22,"none"
"522",679.416462373109,2001-07-24,"none"
"523",681.972481672197,2001-07-25,"none"
"524",685.411125190974,2001-07-25,"none"
"525",689.718953733378,2001-07-26,"none"
"526",694.879654207569,2001-07-27,"none"
"527",700.874075956134,2001-07-28,"none"
"528",707.680274484545,2001-07-30,"none"
"529",715.273562484059,2001-07-31,"none"
"530",723.626568026175,2001-07-31,"none"
"531",732.709299787107,2001-08-01,"none"
"532",742.489219142343,2001-08-02,"none"
"533",752.931318953446,2001-08-04,"none"
"534",763.998208851737,2001-08-05,"none"
"535",775.650206806568,2001-08-05,"none"
"536",787.845436749392,2001-08-06,"none"
"537",800.539932009065,2001-08-07,"none"
"538",813.687744298499,2001-08-08,"none"
"539",827.24105797838,2001-08-10,"none"
"540",841.150309309678,2001-08-11,"none"
"541",855.364310393745,2001-08-11,"none"
"542",869.830377486341,2001-08-12,"none"
"543",884.494463360588,2001-08-13,"none"
"544",899.301293383056,2001-08-14,"none"
"545",914.194504957574,2001-08-16,"none"
"546",929.116789982328,2001-08-17,"none"
"547",944.01003995795,2001-08-17,"none"
"548",958.815493377307,2001-08-18,"none"
"549",973.473885021532,2001-08-19,"none"
"550",987.92559678194,2001-08-21,"none"
"551",1002.11080962322,2001-08-22,"none"
"552",1015.96965630035,2001-08-22,"none"
"553",1029.44237443957,2001-08-23,"none"
"554",1042.46945959257,2001-08-24,"none"
"555",1054.99181787332,2001-08-25,"none"
"556",1066.95091778758,2001-08-27,"none"
"557",1078.28894086745,2001-08-28,"none"
"558",1088.94893072607,2001-08-28,"none"
"559",1098.87494015182,2001-08-29,"none"
"560",1108.0121758662,2001-08-30,"none"
"561",1116.30714057564,2001-08-31,"none"
"562",1123.70777195445,2001-09-02,"none"
"563",1130.16357820398,2001-09-03,"none"
"564",1135.62576984177,2001-09-03,"none"
"565",1140.04738738455,2001-09-04,"none"
"566",1143.38342459901,2001-09-05,"none"
"567",1145.59094700619,2001-09-07,"none"
"568",1146.62920533736,2001-09-08,"none"
"569",1146.45974365224,2001-09-08,"none"
"570",1145.04650184449,2001-09-09,"none"
"571",1142.35591227356,2001-09-10,"none"
"572",1138.35699027746,2001-09-11,"none"
"573",1133.02141833672,2001-09-13,"none"
"574",1126.32362367616,2001-09-14,"none"
"575",1118.24084910826,2001-09-14,"none"
"576",1108.75321693915,2001-09-15,"none"
"577",1097.84378577639,2001-09-16,"none"
"578",1085.49860009595,2001-09-17,"none"
"579",1071.7067324446,2001-09-19,"none"
"580",1056.46031817274,2001-09-20,"none"
"581",1039.75458261245,2001-09-20,"none"
"582",1021.58786063448,2001-09-21,"none"
"583",1001.96160853804,2001-09-22,"none"
"584",980.880408246893,2001-09-24,"none"
"585",958.351963804962,2001-09-25,"none"
"586",934.387090184808,2001-09-26,"none"
"587",908.999694441891,2001-09-26,"none"
"588",882.206749267424,2001-09-27,"none"
"589",854.028259012111,2001-09-28,"none"
"590",824.487218272442,2001-09-30,"none"
"591",793.609563150469,2001-10-01,"none"
"592",761.424115316549,2001-10-01,"none"
"593",727.962519023329,2001-10-02,"none"
"594",693.259171237051,2001-10-03,"none"
"595",657.351145070094,2001-10-04,"none"
"596",620.278106715669,2001-10-06,"none"
"597",582.082226102279,2001-10-07,"none"
"598",542.80808150148,2001-10-07,"none"
"599",502.502558338025,2001-10-08,"none"
"600",461.214742466081,2001-10-09,"none"
"601",418.995808189286,2001-10-11,"none"
"602",375.898901315758,2001-10-12,"none"
"603",331.979017551672,2001-10-13,"none"
"604",287.292876548723,2001-10-13,"none"
"605",241.898791931695,2001-10-14,"none"
"606",195.856537642442,2001-10-15,"none"
"607",149.22721094564,2001-10-17,"none"
"608",102.07309244998,2001-10-18,"none"
"609",54.4575035056394,2001-10-18,"none"
"610",6.44466134544382,2001-10-19,"none"
"611",-41.9004676578143,2001-10-20,"none"
"612",-90.5123162407259,2001-10-21,"none"
"613",-139.324865624907,2001-10-23,"none"
"614",-188.271795636164,2001-10-24,"none"
"615",-237.286635182827,2001-10-24,"none"
"616",-286.30291270879,2001-10-25,"none"
"617",-335.254306237158,2001-10-26,"none"
"618",-384.074792622295,2001-10-27,"none"
"619",-432.698795630455,2001-10-29,"none"
"620",-481.061332472973,2001-10-30,"none"
"621",-529.098158420651,2001-10-30,"none"
"622",-576.745909133315,2001-10-31,"none"
"623",-623.942240345421,2001-11-01,"none"
"624",-670.625964555719,2001-11-03,"none"
"625",-716.737184377713,2001-11-04,"none"
"626",-762.21742221664,2001-11-05,"none"
"627",-807.009745949179,2001-11-05,"none"
"628",-851.058890292748,2001-11-06,"none"
"629",-894.311373563478,2001-11-07,"none"
"630",-936.715609534162,2001-11-09,"none"
"631",-978.222014117141,2001-11-10,"none"
"632",-1018.78310661092,2001-11-10,"none"
"633",-1058.35360526416,2001-11-11,"none"
"634",-1096.89051692607,2001-11-12,"none"
"635",-1134.35322056804,2001-11-13,"none"
"636",-1170.70354447811,2001-11-15,"none"
"637",-1205.90583694647,2001-11-16,"none"
"638",-1239.92703027827,2001-11-16,"none"
"639",-1272.73669798712,2001-11-17,"none"
"640",-1304.30710504172,2001-11-18,"none"
"641",-1334.61325105593,2001-11-20,"none"
"642",-1363.63290633185,2001-11-21,"none"
"643",-783.059741861056,2001-11-22,"none"
"644",-753.693333621914,2001-11-22,"none"
"645",-733.630955491803,2001-11-23,"none"
"646",-722.315478903278,2001-11-24,"none"
"647",-719.182182714741,2001-11-26,"none"
"648",-723.660683717714,2001-11-27,"none"
"649",-735.176854815553,2001-11-27,"none"
"650",-753.154725372334,2001-11-28,"none"
"651",-777.018358316515,2001-11-29,"none"
"652",-806.193698678585,2001-11-30,"none"
"653",-840.110388356585,2001-12-02,"none"
"654",-878.203542028936,2001-12-03,"none"
"655",-919.915479273959,2001-12-03,"none"
"656",-964.697408110058,2001-12-04,"none"
"657",-1012.01105533592,2001-12-05,"none"
"658",-1061.33023923061,2001-12-07,"none"
"659",-1112.14238036304,2001-12-08,"none"
"660",-1163.94994646338,2001-12-09,"none"
"661",-1216.27182752201,2001-12-09,"none"
"662",-1268.64463750449,2001-12-10,"none"
"663",-1320.62393930461,2001-12-11,"none"
"664",-1371.78538979847,2001-12-13,"none"
"665",-1421.7258021127,2001-12-14,"none"
"666",-1470.06412247757,2001-12-14,"none"
"667",-1516.4423192991,2001-12-15,"none"
"668",-1560.52618235524,2001-12-16,"none"
"669",-1602.0060302953,2001-12-17,"none"
"670",-1640.59732490288,2001-12-19,"none"
"671",-1676.04119086455,2001-12-20,"none"
"672",-1708.10484007398,2001-12-20,"none"
"673",-1736.58189978848,2001-12-21,"none"
"674",-1761.29264424539,2001-12-22,"none"
"675",-1782.08412963493,2001-12-24,"none"
"676",-1798.83023261623,2001-12-25,"none"
"677",-1811.43159285157,2001-12-26,"none"
"678",-1819.8154603201,2001-12-26,"none"
"679",-1823.9354484562,2001-12-27,"none"
"680",-1823.77119443746,2001-12-28,"none"
"681",-1819.32792822328,2001-12-30,"none"
"682",-1810.63595221492,2001-12-31,"none"
"683",-1797.75003367368,2002-01-01,"none"
"684",-1780.74871229042,2002-01-01,"none"
"685",-1759.7335255517,2002-01-02,"none"
"686",-1734.82815478971,2002-01-03,"none"
"687",-1706.17749503694,2002-01-05,"none"
"688",-1673.94665203194,2002-01-06,"none"
"689",-1638.31986993588,2002-01-06,"none"
"690",-1599.49939352503,2002-01-07,"none"
"691",-1557.70426881543,2002-01-08,"none"
"692",-1513.16908625899,2002-01-10,"none"
"693",-1466.14267081717,2002-01-11,"none"
"694",-1416.88672337682,2002-01-12,"none"
"695",-1365.67441811408,2002-01-12,"none"
"696",-1312.78896054269,2002-01-13,"none"
"697",-1258.5221110994,2002-01-14,"none"
"698",-1203.17267921944,2002-01-16,"none"
"699",-1147.0449929436,2002-01-17,"none"
"700",-1090.44734917022,2002-01-18,"none"
"701",-1033.69044972262,2002-01-18,"none"
"702",-977.085828445966,2002-01-19,"none"
"703",-920.944274573875,2002-01-20,"none"
"704",-865.574257617877,2002-01-22,"none"
"705",-811.280359029227,2002-01-23,"none"
"706",-758.361715863614,2002-01-23,"none"
"707",-707.110481646781,2002-01-24,"none"
"708",-657.810309588365,2002-01-25,"none"
"709",-610.734863229224,2002-01-26,"none"
"710",-566.146359527142,2002-01-28,"none"
"711",-524.2941492932,2002-01-29,"none"
"712",-485.413339783141,2002-01-29,"none"
"713",-449.723464126535,2002-01-30,"none"
"714",-417.427202140318,2002-01-31,"none"
"715",-388.709156924647,2002-02-02,"none"
"716",-363.734691477908,2002-02-03,"none"
"717",-342.648829391557,2002-02-04,"none"
"718",-325.575223501209,2002-02-04,"none"
"719",-312.615196170936,2002-02-05,"none"
"720",-303.84685467932,2002-02-06,"none"
"721",-299.32428495717,2002-02-08,"none"
"722",-299.076826696752,2002-02-09,"none"
"723",-303.108432615514,2002-02-09,"none"
"724",-311.397114409363,2002-02-10,"none"
"725",-323.894477677463,2002-02-11,"none"
"726",-340.525347837912,2002-02-12,"none"
"727",-361.187488786794,2002-02-14,"none"
"728",-385.751415778961,2002-02-15,"none"
"729",-414.060303730979,2002-02-15,"none"
"730",-445.929991864241,2002-02-16,"none"
"731",-481.14908532049,2002-02-17,"none"
"732",-519.479154094002,2002-02-19,"none"
"733",-560.655029334707,2002-02-20,"none"
"734",-604.385196785791,2002-02-21,"none"
"735",-650.352286828623,2002-02-21,"none"
"736",-698.213660317809,2002-02-22,"none"
"737",-747.602089100435,2002-02-23,"none"
"738",-798.12652982764,2002-02-25,"none"
"739",-849.372989383871,2002-02-26,"none"
"740",-900.905479979497,2002-02-27,"none"
"741",-952.267061679085,2002-02-27,"none"
"742",-1002.98096986812,2002-02-28,"none"
"743",-1052.55182489896,2002-03-01,"none"
"744",-1100.46692090126,2002-03-03,"none"
"745",-1146.19759049447,2002-03-04,"none"
"746",-1189.20064190041,2002-03-04,"none"
"747",-1228.91986472441,2002-03-05,"none"
"748",-1264.78760045295,2002-03-06,"none"
"749",-1296.22637350533,2002-03-08,"none"
"750",-1322.65057847939,2002-03-09,"none"
"751",-1343.46821904223,2002-03-10,"none"
"752",-1358.08269374323,2002-03-10,"none"
"753",-1365.894623864,2002-03-11,"none"
"754",-1366.30371826951,2002-03-12,"none"
"755",-1358.71067009077,2002-03-14,"none"
"756",-1342.5190799455,2002-03-15,"none"
"757",-1317.13740029822,2002-03-16,"none"
"758",-1281.98089546607,2002-03-16,"none"
"759",-1236.47361170143,2002-03-17,"none"
"760",-1180.05035171742,2002-03-18,"none"
"761",-1112.15864797733,2002-03-20,"none"
"762",-1032.26072903683,2002-03-21,"none"
"763",-939.835473211285,2002-03-21,"none"
"764",-834.38034384251,2002-03-22,"none"
"765",-715.413300453001,2002-03-23,"none"
"766",-582.474680109252,2002-03-25,"none"
"767",-435.129043362558,2002-03-26,"none"
"768",-272.966979199328,2002-03-27,"none"
"769",-95.6068635112294,2002-03-27,"none"
"770",97.3034343094331,2002-03-28,"none"
"771",306.084901933927,2002-03-29,"none"
"772",531.025796982955,2002-03-31,"none"
"773",772.380127255121,2002-04-01,"none"
"774",1030.36620316641,2002-04-02,"none"
"775",1305.16526710212,2002-04-02,"none"
"776",1596.92020420157,2002-04-03,"none"
"777",1905.7343389012,2002-04-04,"none"
"778",2231.67032135659,2002-04-06,"none"
"779",2574.74910764447,2002-04-07,"none"
"780",-57.9542570099524,2002-04-08,"none"
"781",-24.6916546326004,2002-04-08,"none"
"782",8.4084210457919,2002-04-09,"none"
"783",41.3126650858352,2002-04-11,"none"
"784",73.9879810243459,2002-04-12,"none"
"785",106.401544723089,2002-04-13,"none"
"786",138.520867976832,2002-04-13,"none"
"787",170.313861727478,2002-04-14,"none"
"788",201.748898731443,2002-04-15,"none"
"789",232.794875528301,2002-04-17,"none"
"790",263.421273559951,2002-04-18,"none"
"791",293.598219291121,2002-04-19,"none"
"792",323.296543184048,2002-04-19,"none"
"793",352.487837382519,2002-04-20,"none"
"794",381.14451196326,2002-04-21,"none"
"795",409.239849615683,2002-04-23,"none"
"796",436.748058614567,2002-04-24,"none"
"797",463.644323953999,2002-04-25,"none"
"798",489.90485651518,2002-04-25,"none"
"799",515.506940145028,2002-04-26,"none"
"800",540.428976527558,2002-04-27,"none"
"801",564.650527734932,2002-04-29,"none"
"802",588.152356350736,2002-04-30,"none"
"803",610.916463063489,2002-04-30,"none"
"804",632.926121634622,2002-05-01,"none"
"805",654.165911151289,2002-05-02,"none"
"806",674.62174548081,2002-05-04,"none"
"807",694.280899850334,2002-05-05,"none"
"808",713.132034482147,2002-05-06,"none"
"809",731.165215222232,2002-05-06,"none"
"810",748.371931106779,2002-05-07,"none"
"811",764.745108818972,2002-05-08,"none"
"812",780.279123995697,2002-05-10,"none"
"813",794.969809351714,2002-05-11,"none"
"814",808.814459596337,2002-05-12,"none"
"815",821.811833125669,2002-05-12,"none"
"816",833.962150481253,2002-05-13,"none"
"817",845.267089573886,2002-05-14,"none"
"818",855.729777679296,2002-05-16,"none"
"819",865.354780220293,2002-05-17,"none"
"820",874.148086357886,2002-05-17,"none"
"821",882.117091421687,2002-05-18,"none"
"822",889.270576217716,2002-05-19,"none"
"823",895.618683259369,2002-05-21,"none"
"824",901.172889974953,2002-05-22,"none"
"825",905.945978952528,2002-05-23,"none"
"826",909.952005290225,2002-05-23,"none"
"827",913.206261127244,2002-05-24,"none"
"828",915.725237437733,2002-05-25,"none"
"829",917.526583176511,2002-05-27,"none"
"830",918.629061872081,2002-05-28,"none"
"831",919.052505768734,2002-05-29,"none"
"832",918.817767625536,2002-05-29,"none"
"833",917.946670285806,2002-05-30,"none"
"834",916.461954136168,2002-05-31,"none"
"835",914.38722257945,2002-06-02,"none"
"836",911.746885650614,2002-06-03,"none"
"837",908.566101909446,2002-06-04,"none"
"838",904.870718747977,2002-06-04,"none"
"839",900.68721125447,2002-06-05,"none"
"840",896.042619779384,2002-06-07,"none"
"841",890.964486351842,2002-06-08,"none"
"842",885.480790097942,2002-06-09,"none"
"843",879.619881814676,2002-06-09,"none"
"844",873.410417855251,2002-06-10,"none"
"845",866.8812934832,2002-06-11,"none"
"846",860.061575853986,2002-06-13,"none"
"847",852.980436783571,2002-06-14,"none"
"848",845.667085463933,2002-06-15,"none"
"849",838.150701285489,2002-06-15,"none"
"850",830.460366926091,2002-06-16,"none"
"851",822.625001865449,2002-06-17,"none"
"852",814.673296482697,2002-06-19,"none"
"853",806.633646893267,2002-06-20,"none"
"854",798.534090679285,2002-06-21,"none"
"855",790.402243665377,2002-06-21,"none"
"856",782.26523788905,2002-06-22,"none"
"857",774.14966091174,2002-06-24,"none"
"858",766.081496613165,2002-06-25,"none"
"859",758.086067607818,2002-06-26,"none"
"860",750.18797941827,2002-06-26,"none"
"861",742.411066535488,2002-06-27,"none"
"862",734.778340491554,2002-06-28,"none"
"863",727.311940065023,2002-06-30,"none"
"864",720.033083733786,2002-07-01,"none"
"865",712.962024484573,2002-07-02,"none"
"866",706.118007082245,2002-07-02,"none"
"867",699.519227895835,2002-07-03,"none"
"868",693.182797371801,2002-07-04,"none"
"869",687.124705238297,2002-07-06,"none"
"870",681.35978851737,2002-07-07,"none"
"871",675.901702414896,2002-07-08,"none"
"872",670.762894150892,2002-07-08,"none"
"873",665.954579785374,2002-07-09,"none"
"874",661.486724087487,2002-07-11,"none"
"875",657.368023487941,2002-07-12,"none"
"876",653.605892147146,2002-07-13,"none"
"877",650.206451163562,2002-07-13,"none"
"878",647.174520939035,2002-07-14,"none"
"879",644.513616709945,2002-07-15,"none"
"880",642.225947245181,2002-07-17,"none"
"881",640.312416704039,2002-07-18,"none"
"882",638.772629639335,2002-07-19,"none"
"883",637.604899123243,2002-07-19,"none"
"884",636.806257965625,2002-07-20,"none"
"885",636.372472987045,2002-07-21,"none"
"886",636.298062301098,2002-07-23,"none"
"887",636.576315553341,2002-07-24,"none"
"888",637.199317056848,2002-07-25,"none"
"889",638.157971757381,2002-07-25,"none"
"890",639.442033954245,2002-07-26,"none"
"891",641.040138696248,2002-07-27,"none"
"892",642.939835765702,2002-07-29,"none"
"893",645.127626157194,2002-07-30,"none"
"894",647.589000951883,2002-07-31,"none"
"895",650.30848248234,2002-07-31,"none"
"896",653.269667677566,2002-08-01,"none"
"897",656.455273472668,2002-08-03,"none"
"898",659.847184162832,2002-08-04,"none"
"899",663.426500576772,2002-08-05,"none"
"900",667.173590940593,2002-08-05,"none"
"901",671.068143299258,2002-08-06,"none"
"902",675.089219359259,2002-08-07,"none"
"903",679.215309613067,2002-08-09,"none"
"904",683.424389603102,2002-08-10,"none"
"905",687.69397718062,2002-08-11,"none"
"906",692.001190612875,2002-08-11,"none"
"907",696.322807390296,2002-08-12,"none"
"908",700.635323584217,2002-08-13,"none"
"909",704.915013604745,2002-08-15,"none"
"910",709.13799020801,2002-08-16,"none"
"911",713.280264601884,2002-08-17,"none"
"912",717.317806499597,2002-08-17,"none"
"913",721.226603971399,2002-08-18,"none"
"914",724.982722945487,2002-08-20,"none"
"915",728.562366210913,2002-08-21,"none"
"916",731.941931777006,2002-08-22,"none"
"917",735.098070446112,2002-08-22,"none"
"918",738.007742458984,2002-08-23,"none"
"919",740.648273075178,2002-08-24,"none"
"920",742.997406954026,2002-08-26,"none"
"921",745.033361205443,2002-08-27,"none"
"922",746.73487698378,2002-08-28,"none"
"923",748.081269502222,2002-08-28,"none"
"924",749.052476349795,2002-08-29,"none"
"925",749.629103997974,2002-08-30,"none"
"926",749.792472389003,2002-09-01,"none"
"927",749.52465750351,2002-09-02,"none"
"928",748.80853181065,2002-09-03,"none"
"929",747.627802509948,2002-09-03,"none"
"930",745.967047480138,2002-09-04,"none"
"931",743.811748856641,2002-09-06,"none"
"932",741.148324165859,2002-09-07,"none"
"933",737.964154951129,2002-09-08,"none"
"934",734.247612832064,2002-09-08,"none"
"935",729.988082945935,2002-09-09,"none"
"936",725.175984726903,2002-09-10,"none"
"937",719.802789985997,2002-09-12,"none"
"938",713.8610382621,2002-09-13,"none"
"939",707.344349421418,2002-09-14,"none"
"940",700.247433490307,2002-09-14,"none"
"941",692.566097713688,2002-09-15,"none"
"942",684.297250838614,2002-09-16,"none"
"943",675.438904629921,2002-09-18,"none"
"944",665.990172632147,2002-09-19,"none"
"945",655.951266199164,2002-09-20,"none"
"946",645.32348782009,2002-09-20,"none"
"947",634.10922177712,2002-09-21,"none"
"948",622.311922177789,2002-09-23,"none"
"949",609.936098411053,2002-09-24,"none"
"950",596.987298083118,2002-09-25,"none"
"951",583.472087495467,2002-09-26,"none"
"952",569.398029733778,2002-09-26,"none"
"953",554.7736604425,2002-09-27,"none"
"954",539.608461365714,2002-09-29,"none"
"955",523.912831740444,2002-09-30,"none"
"956",507.698057634044,2002-10-01,"none"
"957",490.976279322266,2002-10-01,"none"
"958",473.760456809507,2002-10-02,"none"
"959",456.064333597196,2002-10-03,"none"
"960",437.902398810516,2002-10-05,"none"
"961",419.289847797573,2002-10-06,"none"
"962",400.242541318694,2002-10-07,"none"
"963",380.776963446728,2002-10-07,"none"
"964",360.910178302251,2002-10-08,"none"
"965",340.659785750028,2002-10-10,"none"
"966",320.043876185297,2002-10-11,"none"
"967",299.080984540347,2002-10-12,"none"
"968",277.790043643359,2002-10-13,"none"
"969",256.190337062448,2002-10-13,"none"
"970",234.301451568749,2002-10-14,"none"
"971",212.143229352733,2002-10-16,"none"
"972",189.735720127925,2002-10-17,"none"
"973",167.099133255763,2002-10-18,"none"
"974",144.253790024804,2002-10-18,"none"
"975",121.220076216182,2002-10-19,"none"
"976",98.0183950858902,2002-10-20,"none"
"977",74.6691208926114,2002-10-22,"none"
"978",51.1925530976679,2002-10-23,"none"
"979",27.6088713611342,2002-10-24,"none"
"980",3.93809145537591,2002-10-24,"none"
"981",-19.7999777860275,2002-10-25,"none"
"982",-43.5857763693059,2002-10-26,"none"
"983",-67.4000337807806,2002-10-28,"none"
"984",-91.2238082597412,2002-10-29,"none"
"985",-115.038524601593,2002-10-30,"none"
"986",-138.826010393698,2002-10-30,"none"
"987",-162.568530591142,2002-10-31,"none"
"988",-186.248820344961,2002-11-02,"none"
"989",-209.85011600058,2002-11-03,"none"
"990",-233.356184189979,2002-11-04,"none"
"991",-256.751348946825,2002-11-05,"none"
"992",-280.020516779826,2002-11-05,"none"
"993",-303.149199645742,2002-11-06,"none"
"994",-326.123535769736,2002-11-08,"none"
"995",-348.930308267311,2002-11-09,"none"
"996",-371.556961528468,2002-11-10,"none"
"997",-393.991615331536,2002-11-10,"none"
"998",-416.223076660717,2002-11-11,"none"
"999",-438.240849208361,2002-11-12,"none"
"1000",-460.035140549503,2002-11-14,"none"
"1001",-481.596866983439,2002-11-15,"none"
"1002",-502.917656043599,2002-11-16,"none"
"1003",-523.989846684105,2002-11-16,"none"
"1004",-544.806487157946,2002-11-17,"none"
"1005",-565.361330608621,2002-11-19,"none"
"1006",-585.648828403729,2002-11-20,"none"
"1007",-605.664121245468,2002-11-21,"none"
"1008",-625.403028099575,2002-11-22,"none"
"1009",-644.862032990537,2002-11-22,"none"
"1010",-664.038269717073,2002-11-23,"none"
"1011",-682.92950454793,2002-11-25,"none"
"1012",-701.534116963869,2002-11-26,"none"
"1013",-719.851078517371,2002-11-27,"none"
"1014",-737.879929887073,2002-11-27,"none"
"1015",-755.620756209036,2002-11-28,"none"
"1016",-773.074160772051,2002-11-29,"none"
"1017",-790.241237168822,2002-12-01,"none"
"1018",-807.123539999335,2002-12-02,"none"
"1019",-823.723054226879,2002-12-03,"none"
"1020",-840.042163291059,2002-12-03,"none"
"1021",-856.083616085758,2002-12-04,"none"
"1022",-871.850492913164,2002-12-06,"none"
"1023",-887.34617052799,2002-12-07,"none"
"1024",-902.57428638866,2002-12-08,"none"
"1025",-917.538702234383,2002-12-09,"none"
"1026",-932.243467109079,2002-12-09,"none"
"1027",-946.692779954636,2002-12-10,"none"
"1028",-960.890951897257,2002-12-12,"none"
"1029",-974.842368351457,2002-12-13,"none"
"1030",-988.551451066857,2002-12-14,"none"
"1031",-1002.02262024302,2002-12-14,"none"
"1032",-1015.26025683741,2002-12-15,"none"
"1033",-1028.26866519093,2002-12-16,"none"
"1034",-1041.05203609464,2002-12-18,"none"
"1035",-1053.61441041992,2002-12-19,"none"
"1036",-1065.95964343278,2002-12-20,"none"
"1037",-1078.09136991082,2002-12-20,"none"
"1038",-1090.01297017944,2002-12-21,"none"
"1039",-1101.72753718075,2002-12-23,"none"
"1040",-1113.23784468601,2002-12-24,"none"
"1041",-1124.54631675894,2002-12-25,"none"
"1042",-1135.65499857363,2002-12-26,"none"
"1043",-1146.56552868698,2002-12-26,"none"
"1044",-1157.27911286116,2002-12-27,"none"
"1045",-1167.79649952738,2002-12-29,"none"
"1046",-1178.11795697719,2002-12-30,"none"
"1047",-1188.24325236276,2002-12-31,"none"
"1048",-1198.1716325822,2003-01-01,"none"
"1049",-1207.90180712059,2003-01-01,"none"
"1050",-1217.43193291159,2003-01-02,"none"
"1051",-1226.75960127867,2003-01-04,"none"
"1052",-1235.88182700906,2003-01-05,"none"
"1053",-1244.79503960701,2003-01-06,"none"
"1054",-1253.4950767669,2003-01-06,"none"
"1055",-1261.97718009994,2003-01-07,"none"
"1056",-1270.23599314188,2003-01-09,"none"
"1057",-1278.26556166228,2003-01-10,"none"
"1058",-1286.05933628901,2003-01-11,"none"
"1059",-1293.61017745524,2003-01-12,"none"
"1060",-1300.91036266881,2003-01-12,"none"
"1061",-1307.95159609736,2003-01-13,"none"
"1062",-1314.72502045561,2003-01-15,"none"
"1063",-1321.22123117427,2003-01-16,"none"
"1064",-1327.43029282336,2003-01-17,"none"
"1065",-1333.34175775596,2003-01-18,"none"
"1066",-1338.94468693159,2003-01-18,"none"
"1067",-1344.22767287215,2003-01-19,"none"
"1068",-1349.17886469654,2003-01-21,"none"
"1069",-1353.78599517408,2003-01-22,"none"
"1070",-1358.03640973049,2003-01-23,"none"
"1071",-1361.91709733416,2003-01-23,"none"
"1072",-1365.41472318496,2003-01-24,"none"
"1073",-1368.51566312169,2003-01-25,"none"
"1074",-1371.20603965938,2003-01-27,"none"
"1075",-1373.47175956224,2003-01-28,"none"
"1076",-1375.29855285312,2003-01-29,"none"
"1077",-1376.67201315596,2003-01-29,"none"
"1078",-1377.57763926289,2003-01-30,"none"
"1079",-1378.00087781415,2003-02-01,"none"
"1080",-1377.92716697453,2003-02-02,"none"
"1081",-1377.34198098722,2003-02-03,"none"
"1082",-1376.23087548234,2003-02-04,"none"
"1083",-1374.57953341483,2003-02-04,"none"
"1084",-1372.37381150379,2003-02-05,"none"
"1085",-1369.59978704332,2003-02-07,"none"
"1086",-1366.24380495304,2003-02-08,"none"
"1087",-1362.2925249351,2003-02-09,"none"
"1088",-1357.73296860344,2003-02-09,"none"
"1089",-1352.55256645024,2003-02-10,"none"
"1090",-1346.7392045144,2003-02-11,"none"
"1091",-1340.28127061675,2003-02-13,"none"
"1092",-1333.16770002715,2003-02-14,"none"
"1093",-1325.38802042949,2003-02-15,"none"
"1094",-1316.93239605171,2003-02-15,"none"
"1095",-1307.79167082953,2003-02-16,"none"
"1096",-1297.95741047431,2003-02-18,"none"
"1097",-1287.42194331813,2003-02-19,"none"
"1098",-1276.17839981115,2003-02-20,"none"
"1099",-1264.22075054994,2003-02-21,"none"
"1100",-1251.54384271827,2003-02-21,"none"
"1101",-1238.14343482576,2003-02-22,"none"
"1102",-1224.01622963361,2003-02-24,"none"
"1103",-1209.159905161,2003-02-25,"none"
"1104",-1193.57314367023,2003-02-26,"none"
"1105",-1177.2556585336,2003-02-27,"none"
"1106",-1160.20821889027,2003-02-27,"none"
"1107",-1142.43267200646,2003-02-28,"none"
"1108",-1123.93196325841,2003-03-02,"none"
"1109",-1104.71015366308,2003-03-03,"none"
"1110",-1084.77243488798,2003-03-04,"none"
"1111",-1064.12514167759,2003-03-04,"none"
"1112",-1042.77576164063,2003-03-05,"none"
"1113",-1020.73294234891,2003-03-07,"none"
"1114",-998.006495705478,2003-03-08,"none"
"1115",-974.607399546757,2003-03-09,"none"
"1116",-950.547796450397,2003-03-10,"none"
"1117",-925.840989727943,2003-03-10,"none"
"1118",-900.501436588544,2003-03-11,"none"
"1119",-874.544738467412,2003-03-13,"none"
"1120",-847.987628520041,2003-03-14,"none"
"1121",-820.847956290756,2003-03-15,"none"
"1122",-793.144669571446,2003-03-16,"none"
"1123",-764.897793473861,2003-03-16,"none"
"1124",-736.128406746158,2003-03-17,"none"
"1125",-706.858615371759,2003-03-19,"none"
"1126",-677.11152349583,2003-03-20,"none"
"1127",-646.911201731742,2003-03-21,"none"
"1128",-616.282652907121,2003-03-21,"none"
"1129",-585.251775315795,2003-03-22,"none"
"1130",-553.845323548844,2003-03-24,"none"
"1131",-522.090866984467,2003-03-25,"none"
"1132",-490.016746022845,2003-03-26,"none"
"1133",-457.65202615838,2003-03-27,"none"
"1134",-425.026449987534,2003-03-27,"none"
"1135",-392.170387256492,2003-03-28,"none"
"1136",-359.114783058115,2003-03-30,"none"
"1137",-325.891104292998,2003-03-31,"none"
"1138",-292.531284514383,2003-04-01,"none"
"1139",-259.067667281276,2003-04-02,"none"
"1140",-225.532948148495,2003-04-02,"none"
"1141",-191.960115426422,2003-04-03,"none"
"1142",-158.382389846764,2003-04-05,"none"
"1143",-124.833163274227,2003-04-06,"none"
"1144",-91.3459366067954,2003-04-07,"none"
"1145",-57.9542570099496,2003-04-08,"none"
"1146",-24.6916546326088,2003-04-08,"none"
"1147",8.40842104579065,2003-04-10,"none"
"1148",41.3126650858358,2003-04-11,"none"
"1149",73.9879810243448,2003-04-12,"none"
"1150",106.401544723085,2003-04-13,"none"
"1151",138.520867976835,2003-04-13,"none"
"1152",170.313861727481,2003-04-14,"none"
"1153",201.748898731445,2003-04-16,"none"
"1154",232.794875528301,2003-04-17,"none"
"1155",263.42127355995,2003-04-18,"none"
"1156",293.598219291121,2003-04-19,"none"
"1157",323.296543184046,2003-04-19,"none"
"1158",352.487837382522,2003-04-20,"none"
"1159",381.144511963263,2003-04-22,"none"
"1160",409.239849615685,2003-04-23,"none"
"1161",436.748058614566,2003-04-24,"none"
"1162",463.644323954,2003-04-25,"none"
"1163",489.904856515179,2003-04-25,"none"
"1164",515.506940145026,2003-04-26,"none"
"1165",540.428976527557,2003-04-28,"none"
"1166",564.650527734934,2003-04-29,"none"
"1167",588.152356350739,2003-04-30,"none"
"1168",610.916463063487,2003-04-30,"none"
"1169",632.92612163462,2003-05-01,"none"
"1170",654.165911151288,2003-05-03,"none"
"1171",674.62174548081,2003-05-04,"none"
"1172",694.28089985033,2003-05-05,"none"
"1173",713.132034482147,2003-05-06,"none"
"1174",731.165215222231,2003-05-06,"none"
"1175",748.37193110678,2003-05-07,"none"
"1176",764.745108818973,2003-05-09,"none"
"1177",780.279123995698,2003-05-10,"none"
"1178",794.969809351712,2003-05-11,"none"
"1179",808.814459596334,2003-05-12,"none"
"1180",821.811833125669,2003-05-12,"none"
"1181",833.962150481253,2003-05-13,"none"
"1182",845.267089573886,2003-05-15,"none"
"1183",855.729777679295,2003-05-16,"none"
"1184",865.354780220294,2003-05-17,"none"
"1185",874.148086357887,2003-05-17,"none"
"1186",882.117091421688,2003-05-18,"none"
"1187",889.270576217716,2003-05-20,"none"
"1188",895.61868325937,2003-05-21,"none"
"1189",901.172889974953,2003-05-22,"none"
"1190",905.945978952528,2003-05-23,"none"
"1191",909.952005290226,2003-05-23,"none"
"1192",913.206261127244,2003-05-24,"none"
"1193",915.725237437734,2003-05-26,"none"
"1194",917.52658317651,2003-05-27,"none"
"1195",918.62906187208,2003-05-28,"none"
"1196",919.052505768734,2003-05-29,"none"
"1197",918.817767625536,2003-05-29,"none"
"1198",917.946670285807,2003-05-30,"none"
"1199",916.461954136169,2003-06-01,"none"
"1200",914.38722257945,2003-06-02,"none"
"1201",911.746885650614,2003-06-03,"none"
"1202",908.566101909448,2003-06-04,"none"
"1203",904.870718747977,2003-06-04,"none"
"1204",900.687211254469,2003-06-06,"none"
"1205",896.042619779385,2003-06-07,"none"
"1206",890.964486351843,2003-06-08,"none"
"1207",885.480790097942,2003-06-09,"none"
"1208",879.619881814676,2003-06-09,"none"
"1209",873.41041785525,2003-06-10,"none"
"1210",866.8812934832,2003-06-12,"none"
"1211",860.061575853987,2003-06-13,"none"
"1212",852.980436783573,2003-06-14,"none"
"1213",845.667085463933,2003-06-15,"none"
"1214",838.150701285488,2003-06-15,"none"
"1215",830.460366926091,2003-06-16,"none"
"1216",822.625001865451,2003-06-18,"none"
"1217",814.673296482697,2003-06-19,"none"
"1218",806.633646893266,2003-06-20,"none"
"1219",798.534090679284,2003-06-21,"none"
"1220",790.402243665377,2003-06-21,"none"
"1221",782.26523788905,2003-06-23,"none"
"1222",774.14966091174,2003-06-24,"none"
"1223",766.081496613166,2003-06-25,"none"
"1224",758.086067607818,2003-06-26,"none"
"1225",750.187979418269,2003-06-26,"none"
"1226",742.411066535488,2003-06-27,"none"
"1227",734.778340491554,2003-06-29,"none"
"1228",727.311940065022,2003-06-30,"none"
"1229",720.033083733786,2003-07-01,"none"
"1230",712.962024484573,2003-07-02,"none"
"1231",706.118007082245,2003-07-02,"none"
"1232",699.519227895834,2003-07-03,"none"
"1233",693.1827973718,2003-07-05,"none"
"1234",687.124705238297,2003-07-06,"none"
"1235",681.35978851737,2003-07-07,"none"
"1236",675.901702414896,2003-07-08,"none"
"1237",670.762894150892,2003-07-08,"none"
"1238",665.954579785374,2003-07-10,"none"
"1239",661.486724087486,2003-07-11,"none"
"1240",657.368023487941,2003-07-12,"none"
"1241",653.605892147146,2003-07-13,"none"
"1242",650.206451163563,2003-07-13,"none"
"1243",647.174520939035,2003-07-14,"none"
"1244",644.513616709945,2003-07-16,"none"
"1245",642.225947245181,2003-07-17,"none"
"1246",640.312416704039,2003-07-18,"none"
"1247",638.772629639336,2003-07-19,"none"
"1248",637.604899123243,2003-07-19,"none"
"1249",636.806257965624,2003-07-20,"none"
"1250",636.372472987045,2003-07-22,"none"
"1251",636.298062301098,2003-07-23,"none"
"1252",636.576315553341,2003-07-24,"none"
"1253",637.199317056848,2003-07-25,"none"
"1254",638.15797175738,2003-07-25,"none"
"1255",639.442033954246,2003-07-26,"none"
"1256",641.040138696249,2003-07-28,"none"
"1257",642.939835765702,2003-07-29,"none"
"1258",645.127626157194,2003-07-30,"none"
"1259",647.589000951883,2003-07-31,"none"
"1260",650.308482482341,2003-07-31,"none"
"1261",653.269667677567,2003-08-02,"none"
"1262",656.455273472668,2003-08-03,"none"
"1263",659.847184162832,2003-08-04,"none"
"1264",663.426500576771,2003-08-05,"none"
"1265",667.173590940594,2003-08-05,"none"
"1266",671.068143299259,2003-08-06,"none"
"1267",675.089219359259,2003-08-08,"none"
"1268",679.215309613066,2003-08-09,"none"
"1269",683.424389603101,2003-08-10,"none"
"1270",687.693977180621,2003-08-11,"none"
"1271",692.001190612875,2003-08-11,"none"
"1272",696.322807390297,2003-08-12,"none"
"1273",700.635323584217,2003-08-14,"none"
"1274",704.915013604743,2003-08-15,"none"
"1275",709.13799020801,2003-08-16,"none"
"1276",713.280264601884,2003-08-17,"none"
"1277",717.317806499596,2003-08-17,"none"
"1278",721.226603971399,2003-08-19,"none"
"1279",724.982722945486,2003-08-20,"none"
"1280",728.562366210914,2003-08-21,"none"
"1281",731.941931777007,2003-08-22,"none"
"1282",735.098070446112,2003-08-22,"none"
"1283",738.007742458983,2003-08-23,"none"
"1284",740.648273075179,2003-08-25,"none"
"1285",742.997406954026,2003-08-26,"none"
"1286",745.033361205443,2003-08-27,"none"
"1287",746.734876983779,2003-08-28,"none"
"1288",748.081269502223,2003-08-28,"none"
"1289",749.052476349795,2003-08-29,"none"
"1290",749.629103997975,2003-08-31,"none"
"1291",749.792472389003,2003-09-01,"none"
"1292",749.52465750351,2003-09-02,"none"
"1293",748.808531810651,2003-09-03,"none"
"1294",747.627802509949,2003-09-03,"none"
"1295",745.967047480138,2003-09-05,"none"
"1296",743.811748856641,2003-09-06,"none"
"1297",741.148324165859,2003-09-07,"none"
"1298",737.96415495113,2003-09-08,"none"
"1299",734.247612832064,2003-09-08,"none"
"1300",729.988082945936,2003-09-09,"none"
"1301",725.175984726903,2003-09-11,"none"
"1302",719.802789985997,2003-09-12,"none"
"1303",713.8610382621,2003-09-13,"none"
"1304",707.344349421419,2003-09-14,"none"
"1305",700.247433490307,2003-09-14,"none"
"1306",692.566097713688,2003-09-15,"none"
"1307",684.297250838614,2003-09-17,"none"
"1308",675.43890462992,2003-09-18,"none"
"1309",665.990172632147,2003-09-19,"none"
"1310",655.951266199165,2003-09-20,"none"
"1311",645.323487820091,2003-09-20,"none"
"1312",634.109221777122,2003-09-22,"none"
"1313",622.311922177789,2003-09-23,"none"
"1314",609.93609841105,2003-09-24,"none"
"1315",596.987298083119,2003-09-25,"none"
"1316",583.472087495467,2003-09-26,"none"
"1317",569.398029733775,2003-09-26,"none"
"1318",554.773660442503,2003-09-28,"none"
"1319",539.608461365714,2003-09-29,"none"
"1320",523.912831740449,2003-09-30,"none"
"1321",507.698057634043,2003-10-01,"none"
"1322",490.976279322263,2003-10-01,"none"
"1323",473.760456809507,2003-10-02,"none"
"1324",456.064333597193,2003-10-04,"none"
"1325",437.902398810513,2003-10-05,"none"
"1326",419.289847797577,2003-10-06,"none"
"1327",400.242541318694,2003-10-07,"none"
"1328",380.776963446724,2003-10-07,"none"
"1329",360.910178302256,2003-10-09,"none"
"1330",340.65978575003,2003-10-10,"none"
"1331",320.043876185296,2003-10-11,"none"
"1332",299.080984540343,2003-10-12,"none"
"1333",277.79004364336,2003-10-13,"none"
"1334",256.190337062449,2003-10-13,"none"
"1335",234.30145156875,2003-10-15,"none"
"1336",212.143229352732,2003-10-16,"none"
"1337",189.735720127929,2003-10-17,"none"
"1338",167.099133255763,2003-10-18,"none"
"1339",144.253790024804,2003-10-18,"none"
"1340",121.220076216183,2003-10-19,"none"
"1341",98.0183950858897,2003-10-21,"none"
"1342",74.6691208926115,2003-10-22,"none"
"1343",51.1925530976691,2003-10-23,"none"
"1344",27.6088713611355,2003-10-24,"none"
"1345",3.93809145538091,2003-10-24,"none"
"1346",-19.799977786028,2003-10-25,"none"
"1347",-43.5857763693102,2003-10-27,"none"
"1348",-67.4000337807795,2003-10-28,"none"
"1349",-91.2238082597412,2003-10-29,"none"
"1350",-115.038524601597,2003-10-30,"none"
"1351",-138.826010393694,2003-10-30,"none"
"1352",-162.568530591142,2003-11-01,"none"
"1353",-186.248820344956,2003-11-02,"none"
"1354",-209.85011600058,2003-11-03,"none"
"1355",-233.356184189985,2003-11-04,"none"
"1356",-256.751348946825,2003-11-05,"none"
"1357",-280.020516779826,2003-11-05,"none"
"1358",-303.149199645742,2003-11-07,"none"
"1359",-326.123535769731,2003-11-08,"none"
"1360",-348.930308267311,2003-11-09,"none"
"1361",-371.556961528472,2003-11-10,"none"
"1362",-393.991615331531,2003-11-10,"none"
"1363",-416.223076660721,2003-11-11,"none"
"1364",-438.24084920836,2003-11-13,"none"
"1365",-460.035140549507,2003-11-14,"none"
"1366",-481.596866983439,2003-11-15,"none"
"1367",-502.917656043594,2003-11-16,"none"
"1368",-523.989846684105,2003-11-16,"none"
"1369",-544.806487157945,2003-11-18,"none"
"1370",-565.361330608617,2003-11-19,"none"
"1371",-585.64882840373,2003-11-20,"none"
"1372",-605.664121245469,2003-11-21,"none"
"1373",-625.403028099575,2003-11-22,"none"
"1374",-644.862032990536,2003-11-22,"none"
"1375",-664.038269717074,2003-11-24,"none"
"1376",-682.92950454793,2003-11-25,"none"
"1377",-701.534116963869,2003-11-26,"none"
"1378",-719.851078517367,2003-11-27,"none"
"1379",-737.879929887072,2003-11-27,"none"
"1380",-755.620756209036,2003-11-28,"none"
"1381",-773.074160772051,2003-11-30,"none"
"1382",-790.241237168821,2003-12-01,"none"
"1383",-807.123539999339,2003-12-02,"none"
"1384",-823.723054226874,2003-12-03,"none"
"1385",-840.042163291057,2003-12-03,"none"
"1386",-856.083616085757,2003-12-05,"none"
"1387",-871.850492913163,2003-12-06,"none"
"1388",-887.346170527994,2003-12-07,"none"
"1389",-902.57428638866,2003-12-08,"none"
"1390",-917.538702234383,2003-12-09,"none"
"1391",-932.24346710908,2003-12-09,"none"
"1392",-946.692779954632,2003-12-11,"none"
"1393",-960.890951897256,2003-12-12,"none"
"1394",-974.84236835146,2003-12-13,"none"
"1395",-988.551451066858,2003-12-14,"none"
"1396",-1002.02262024303,2003-12-14,"none"
"1397",-1015.26025683741,2003-12-15,"none"
"1398",-1028.26866519093,2003-12-17,"none"
"1399",-1041.05203609464,2003-12-18,"none"
"1400",-1053.61441041992,2003-12-19,"none"
"1401",-1065.95964343278,2003-12-20,"none"
"1402",-1078.09136991082,2003-12-20,"none"
"1403",-1090.01297017944,2003-12-22,"none"
"1404",-1101.72753718075,2003-12-23,"none"
"1405",-1113.23784468601,2003-12-24,"none"
"1406",-1124.54631675894,2003-12-25,"none"
"1407",-1135.65499857363,2003-12-26,"none"
"1408",-1146.56552868698,2003-12-26,"none"
"1409",-1157.27911286116,2003-12-28,"none"
"1410",-1167.79649952738,2003-12-29,"none"
"1411",-1178.11795697719,2003-12-30,"none"
"1412",-1188.24325236276,2003-12-31,"none"
"1413",-1198.1716325822,2004-01-01,"none"
"1414",-1207.90180712059,2004-01-02,"none"
"1415",-1217.43193291159,2004-01-03,"none"
"1416",-1226.75960127867,2004-01-04,"none"
"1417",-1235.88182700906,2004-01-05,"none"
"1418",-1244.79503960701,2004-01-06,"none"
"1419",-1253.4950767669,2004-01-07,"none"
"1420",-1261.97718009993,2004-01-08,"none"
"1421",-1270.23599314188,2004-01-09,"none"
"1422",-1278.26556166228,2004-01-10,"none"
"1423",-1286.05933628901,2004-01-11,"none"
"1424",-1293.61017745524,2004-01-12,"none"
"1425",-1300.91036266881,2004-01-13,"none"
"1426",-1307.95159609736,2004-01-14,"none"
"1427",-1314.72502045562,2004-01-15,"none"
"1428",-1321.22123117427,2004-01-16,"none"
"1429",-1327.43029282337,2004-01-17,"none"
"1430",-1333.34175775596,2004-01-18,"none"
"1431",-1338.94468693159,2004-01-19,"none"
"1432",-1344.22767287215,2004-01-20,"none"
"1433",-1349.17886469654,2004-01-21,"none"
"1434",-1353.78599517408,2004-01-22,"none"
"1435",-1358.03640973049,2004-01-23,"none"
"1436",-1361.91709733416,2004-01-24,"none"
"1437",-1365.41472318496,2004-01-25,"none"
"1438",-1368.51566312169,2004-01-26,"none"
"1439",-1371.20603965938,2004-01-27,"none"
"1440",-1373.47175956224,2004-01-28,"none"
"1441",-1375.29855285312,2004-01-29,"none"
"1442",-1376.67201315595,2004-01-30,"none"
"1443",-1377.57763926289,2004-01-31,"none"
"1444",-1378.00087781415,2004-02-01,"none"
"1445",-1377.92716697453,2004-02-02,"none"
"1446",-1377.34198098722,2004-02-03,"none"
"1447",-1376.23087548234,2004-02-04,"none"
"1448",-1374.57953341483,2004-02-05,"none"
"1449",-1372.37381150379,2004-02-06,"none"
"1450",-1369.59978704332,2004-02-07,"none"
"1451",-1366.24380495304,2004-02-08,"none"
"1452",-1362.2925249351,2004-02-09,"none"
"1453",-1357.73296860345,2004-02-10,"none"
"1454",-1352.55256645024,2004-02-11,"none"
"1455",-1346.7392045144,2004-02-12,"none"
"1456",-1340.28127061675,2004-02-13,"none"
"1457",-1333.16770002715,2004-02-14,"none"
"1458",-1325.38802042949,2004-02-15,"none"
"1459",-1316.93239605171,2004-02-16,"none"
"1460",-1307.79167082952,2004-02-17,"none"
"1461",-1297.95741047431,2004-02-18,"none"
"1462",-1287.42194331813,2004-02-19,"none"
"1463",-1276.17839981115,2004-02-20,"none"
"1464",-1264.22075054994,2004-02-21,"none"
"1465",-1251.54384271827,2004-02-22,"none"
"1466",-1238.14343482576,2004-02-23,"none"
"1467",-1224.01622963361,2004-02-24,"none"
"1468",-1209.159905161,2004-02-25,"none"
"1469",-1193.57314367023,2004-02-26,"none"
"1470",-1177.2556585336,2004-02-27,"none"
"1471",-1160.20821889026,2004-02-28,"none"
"1472",-1142.43267200646,2004-02-29,"none"
"1473",-1123.93196325841,2004-03-01,"none"
"1474",-1104.71015366308,2004-03-02,"none"
"1475",-1084.77243488798,2004-03-03,"none"
"1476",-1064.12514167759,2004-03-04,"none"
"1477",-1042.77576164063,2004-03-05,"none"
"1478",-1020.73294234891,2004-03-06,"none"
"1479",-998.006495705479,2004-03-07,"none"
"1480",-974.607399546758,2004-03-08,"none"
"1481",-950.547796450397,2004-03-09,"none"
"1482",-925.840989727939,2004-03-10,"none"
"1483",-900.50143658855,2004-03-11,"none"
"1484",-874.544738467412,2004-03-12,"none"
"1485",-847.987628520043,2004-03-13,"none"
"1486",-820.847956290757,2004-03-14,"none"
"1487",-793.144669571447,2004-03-15,"none"
"1488",-764.897793473861,2004-03-16,"none"
"1489",-736.128406746158,2004-03-17,"none"
"1490",-706.858615371759,2004-03-18,"none"
"1491",-677.111523495836,2004-03-19,"none"
"1492",-646.911201731743,2004-03-20,"none"
"1493",-616.282652907115,2004-03-21,"none"
"1494",-585.251775315796,2004-03-22,"none"
"1495",-553.845323548846,2004-03-23,"none"
"1496",-522.09086698446,2004-03-24,"none"
"1497",-490.016746022852,2004-03-25,"none"
"1498",-457.652026158381,2004-03-26,"none"
"1499",-425.02644998754,2004-03-27,"none"
"1500",-392.170387256494,2004-03-28,"none"
"1501",-359.114783058107,2004-03-29,"none"
"1502",-325.891104292999,2004-03-30,"none"
"1503",-292.531284514377,2004-03-31,"none"
"1504",-259.06766728127,2004-04-01,"none"
"1505",-225.532948148501,2004-04-02,"none"
"1506",-191.960115426422,2004-04-03,"none"
"1507",-158.382389846757,2004-04-04,"none"
"1508",-124.833163274234,2004-04-05,"none"
"1509",-91.3459366067964,2004-04-06,"none"
"1510",-57.9542570099561,2004-04-07,"none"
"1511",-24.6916546326016,2004-04-08,"none"
"1512",8.40842104579053,2004-04-09,"none"
"1513",41.3126650858339,2004-04-10,"none"
"1514",73.9879810243454,2004-04-11,"none"
"1515",106.401544723091,2004-04-12,"none"
"1516",138.520867976828,2004-04-13,"none"
"1517",170.313861727481,2004-04-14,"none"
"1518",201.748898731444,2004-04-15,"none"
"1519",232.794875528301,2004-04-16,"none"
"1520",263.421273559951,2004-04-17,"none"
"1521",293.59821929112,2004-04-18,"none"
"1522",323.296543184044,2004-04-19,"none"
"1523",352.487837382521,2004-04-20,"none"
"1524",381.144511963257,2004-04-21,"none"
"1525",409.239849615686,2004-04-22,"none"
"1526",436.748058614572,2004-04-23,"none"
"1527",463.644323953999,2004-04-24,"none"
"1528",489.904856515178,2004-04-25,"none"
"1529",515.506940145033,2004-04-26,"none"
"1530",540.428976527552,2004-04-27,"none"
"1531",564.650527734934,2004-04-28,"none"
"1532",588.152356350734,2004-04-29,"none"
"1533",610.916463063486,2004-04-30,"none"
"1534",632.926121634624,2004-05-01,"none"
"1535",654.165911151288,2004-05-02,"none"
"1536",674.621745480814,2004-05-03,"none"
"1537",694.280899850334,2004-05-04,"none"
"1538",713.132034482143,2004-05-05,"none"
"1539",731.165215222231,2004-05-06,"none"
"1540",748.371931106784,2004-05-07,"none"
"1541",764.745108818969,2004-05-08,"none"
"1542",780.279123995698,2004-05-09,"none"
"1543",794.969809351712,2004-05-10,"none"
"1544",808.814459596337,2004-05-11,"none"
"1545",821.811833125668,2004-05-12,"none"
"1546",833.962150481253,2004-05-13,"none"
"1547",845.267089573886,2004-05-14,"none"
"1548",855.729777679297,2004-05-15,"none"
"1549",865.354780220292,2004-05-16,"none"
"1550",874.148086357887,2004-05-17,"none"
"1551",882.117091421688,2004-05-18,"none"
"1552",889.270576217715,2004-05-19,"none"
"1553",895.618683259369,2004-05-20,"none"
"1554",901.172889974953,2004-05-21,"none"
"1555",905.945978952528,2004-05-22,"none"
"1556",909.952005290226,2004-05-23,"none"
"1557",913.206261127243,2004-05-24,"none"
"1558",915.725237437733,2004-05-25,"none"
"1559",917.526583176511,2004-05-26,"none"
"1560",918.629061872081,2004-05-27,"none"
"1561",919.052505768735,2004-05-28,"none"
"1562",918.817767625535,2004-05-29,"none"
"1563",917.946670285807,2004-05-30,"none"
"1564",916.461954136168,2004-05-31,"none"
"1565",914.38722257945,2004-06-01,"none"
"1566",911.746885650615,2004-06-02,"none"
"1567",908.566101909445,2004-06-03,"none"
"1568",904.870718747977,2004-06-04,"none"
"1569",900.68721125447,2004-06-05,"none"
"1570",896.042619779384,2004-06-06,"none"
"1571",890.964486351843,2004-06-07,"none"
"1572",885.480790097941,2004-06-08,"none"
"1573",879.619881814675,2004-06-09,"none"
"1574",873.410417855252,2004-06-10,"none"
"1575",866.8812934832,2004-06-11,"none"
"1576",860.061575853986,2004-06-12,"none"
"1577",852.980436783571,2004-06-13,"none"
"1578",845.667085463933,2004-06-14,"none"
"1579",838.150701285491,2004-06-15,"none"
"1580",830.46036692609,2004-06-16,"none"
"1581",822.625001865449,2004-06-17,"none"
"1582",814.673296482699,2004-06-18,"none"
"1583",806.633646893267,2004-06-19,"none"
"1584",798.534090679285,2004-06-20,"none"
"1585",790.402243665376,2004-06-21,"none"
"1586",782.26523788905,2004-06-22,"none"
"1587",774.149660911741,2004-06-23,"none"
"1588",766.081496613167,2004-06-24,"none"
"1589",758.086067607818,2004-06-25,"none"
"1590",750.18797941827,2004-06-26,"none"
"1591",742.411066535488,2004-06-27,"none"
"1592",734.778340491554,2004-06-28,"none"
"1593",727.311940065022,2004-06-29,"none"
"1594",720.033083733786,2004-06-30,"none"
"1595",712.962024484571,2004-07-01,"none"
"1596",706.118007082246,2004-07-02,"none"
"1597",699.519227895835,2004-07-03,"none"
"1598",693.182797371801,2004-07-04,"none"
"1599",687.124705238297,2004-07-05,"none"
"1600",681.359788517368,2004-07-06,"none"
"1601",675.901702414896,2004-07-07,"none"
"1602",670.762894150892,2004-07-08,"none"
"1603",665.954579785374,2004-07-09,"none"
"1604",661.486724087487,2004-07-10,"none"
"1605",657.368023487941,2004-07-11,"none"
"1606",653.605892147146,2004-07-12,"none"
"1607",650.206451163563,2004-07-13,"none"
"1608",647.174520939034,2004-07-14,"none"
"1609",644.513616709945,2004-07-15,"none"
"1610",642.225947245181,2004-07-16,"none"
"1611",640.312416704039,2004-07-17,"none"
"1612",638.772629639335,2004-07-18,"none"
"1613",637.604899123243,2004-07-19,"none"
"1614",636.806257965624,2004-07-20,"none"
"1615",636.372472987045,2004-07-21,"none"
"1616",636.298062301099,2004-07-22,"none"
"1617",636.576315553341,2004-07-23,"none"
"1618",637.199317056848,2004-07-24,"none"
"1619",638.157971757381,2004-07-25,"none"
"1620",639.442033954244,2004-07-26,"none"
"1621",641.040138696248,2004-07-27,"none"
"1622",642.939835765701,2004-07-28,"none"
"1623",645.127626157194,2004-07-29,"none"
"1624",647.589000951884,2004-07-30,"none"
"1625",650.30848248234,2004-07-31,"none"
"1626",653.269667677566,2004-08-01,"none"
"1627",656.455273472667,2004-08-02,"none"
"1628",659.847184162834,2004-08-03,"none"
"1629",663.426500576771,2004-08-04,"none"
"1630",667.173590940593,2004-08-05,"none"
"1631",671.068143299259,2004-08-06,"none"
"1632",675.089219359258,2004-08-07,"none"
"1633",679.215309613067,2004-08-08,"none"
"1634",683.424389603102,2004-08-09,"none"
"1635",687.69397718062,2004-08-10,"none"
"1636",692.001190612874,2004-08-11,"none"
"1637",696.322807390296,2004-08-12,"none"
"1638",700.635323584218,2004-08-13,"none"
"1639",704.915013604745,2004-08-14,"none"
"1640",709.137990208009,2004-08-15,"none"
"1641",713.280264601884,2004-08-16,"none"
"1642",717.317806499597,2004-08-17,"none"
"1643",721.226603971398,2004-08-18,"none"
"1644",724.982722945487,2004-08-19,"none"
"1645",728.562366210911,2004-08-20,"none"
"1646",731.941931777007,2004-08-21,"none"
"1647",735.098070446111,2004-08-22,"none"
"1648",738.007742458983,2004-08-23,"none"
"1649",740.648273075178,2004-08-24,"none"
"1650",742.997406954026,2004-08-25,"none"
"1651",745.033361205444,2004-08-26,"none"
"1652",746.73487698378,2004-08-27,"none"
"1653",748.081269502222,2004-08-28,"none"
"1654",749.052476349795,2004-08-29,"none"
"1655",749.629103997974,2004-08-30,"none"
"1656",749.792472389004,2004-08-31,"none"
"1657",749.52465750351,2004-09-01,"none"
"1658",748.80853181065,2004-09-02,"none"
"1659",747.627802509948,2004-09-03,"none"
"1660",745.967047480138,2004-09-04,"none"
"1661",743.811748856641,2004-09-05,"none"
"1662",741.14832416586,2004-09-06,"none"
"1663",737.96415495113,2004-09-07,"none"
"1664",734.247612832063,2004-09-08,"none"
"1665",729.988082945935,2004-09-09,"none"
"1666",725.175984726903,2004-09-10,"none"
"1667",719.802789985997,2004-09-11,"none"
"1668",713.861038262101,2004-09-12,"none"
"1669",707.344349421418,2004-09-13,"none"
"1670",700.247433490309,2004-09-14,"none"
"1671",692.566097713688,2004-09-15,"none"
"1672",684.297250838612,2004-09-16,"none"
"1673",675.438904629921,2004-09-17,"none"
"1674",665.990172632147,2004-09-18,"none"
"1675",655.951266199163,2004-09-19,"none"
"1676",645.323487820093,2004-09-20,"none"
"1677",634.109221777121,2004-09-21,"none"
"1678",622.311922177792,2004-09-22,"none"
"1679",609.936098411053,2004-09-23,"none"
"1680",596.987298083117,2004-09-24,"none"
"1681",583.472087495468,2004-09-25,"none"
"1682",569.398029733775,2004-09-26,"none"
"1683",554.7736604425,2004-09-27,"none"
"1684",539.608461365717,2004-09-28,"none"
"1685",523.912831740445,2004-09-29,"none"
"1686",507.69805763404,2004-09-30,"none"
"1687",490.976279322266,2004-10-01,"none"
"1688",473.760456809505,2004-10-02,"none"
"1689",456.064333597196,2004-10-03,"none"
"1690",437.902398810512,2004-10-04,"none"
"1691",419.289847797574,2004-10-05,"none"
"1692",400.242541318695,2004-10-06,"none"
"1693",380.776963446729,2004-10-07,"none"
"1694",360.910178302251,2004-10-08,"none"
"1695",340.659785750034,2004-10-09,"none"
"1696",320.043876185292,2004-10-10,"none"
"1697",299.080984540344,2004-10-11,"none"
"1698",277.790043643361,2004-10-12,"none"
"1699",256.190337062449,2004-10-13,"none"
"1700",234.301451568749,2004-10-14,"none"
"1701",212.143229352739,2004-10-15,"none"
"1702",189.735720127926,2004-10-16,"none"
"1703",167.099133255768,2004-10-17,"none"
"1704",144.253790024804,2004-10-18,"none"
"1705",121.220076216177,2004-10-19,"none"
"1706",98.0183950858911,2004-10-20,"none"
"1707",74.6691208926111,2004-10-21,"none"
"1708",51.1925530976644,2004-10-22,"none"
"1709",27.60887136114,2004-10-23,"none"
"1710",3.93809145537642,2004-10-24,"none"
"1711",-19.7999777860219,2004-10-25,"none"
"1712",-43.5857763693053,2004-10-26,"none"
"1713",-67.400033780784,2004-10-27,"none"
"1714",-91.2238082597404,2004-10-28,"none"
"1715",-115.038524601597,2004-10-29,"none"
"1716",-138.826010393698,2004-10-30,"none"
"1717",-162.568530591137,2004-10-31,"none"
"1718",-186.24882034496,2004-11-01,"none"
"1719",-209.850116000585,2004-11-02,"none"
"1720",-233.356184189979,2004-11-03,"none"
"1721",-256.75134894683,2004-11-04,"none"
"1722",-280.020516779826,2004-11-05,"none"
"1723",-303.149199645741,2004-11-06,"none"
"1724",-326.123535769735,2004-11-07,"none"
"1725",-348.93030826731,2004-11-08,"none"
"1726",-371.556961528467,2004-11-09,"none"
"1727",-393.991615331535,2004-11-10,"none"
"1728",-416.223076660717,2004-11-11,"none"
"1729",-438.240849208365,2004-11-12,"none"
"1730",-460.035140549508,2004-11-13,"none"
"1731",-481.596866983438,2004-11-14,"none"
"1732",-502.917656043598,2004-11-15,"none"
"1733",-523.989846684104,2004-11-16,"none"
"1734",-544.806487157941,2004-11-17,"none"
"1735",-565.36133060862,2004-11-18,"none"
"1736",-585.648828403725,2004-11-19,"none"
"1737",-605.664121245468,2004-11-20,"none"
"1738",-625.403028099574,2004-11-21,"none"
"1739",-644.862032990536,2004-11-22,"none"
"1740",-664.038269717072,2004-11-23,"none"
"1741",-682.929504547934,2004-11-24,"none"
"1742",-701.534116963865,2004-11-25,"none"
"1743",-719.85107851737,2004-11-26,"none"
"1744",-737.87992988707,2004-11-27,"none"
"1745",-755.620756209035,2004-11-28,"none"
"1746",-773.074160772056,2004-11-29,"none"
"1747",-790.241237168823,2004-11-30,"none"
"1748",-807.123539999335,2004-12-01,"none"
"1749",-823.723054226878,2004-12-02,"none"
"1750",-840.042163291054,2004-12-03,"none"
"1751",-856.083616085759,2004-12-04,"none"
"1752",-871.850492913166,2004-12-05,"none"
"1753",-887.34617052799,2004-12-06,"none"
"1754",-902.574286388663,2004-12-07,"none"
"1755",-917.538702234382,2004-12-08,"none"
"1756",-932.243467109079,2004-12-09,"none"
"1757",-946.692779954636,2004-12-10,"none"
"1758",-960.890951897253,2004-12-11,"none"
"1759",-974.842368351458,2004-12-12,"none"
"1760",-988.551451066859,2004-12-13,"none"
"1761",-1002.02262024302,2004-12-14,"none"
"1762",-1015.26025683741,2004-12-15,"none"
"1763",-1028.26866519093,2004-12-16,"none"
"1764",-1041.05203609464,2004-12-17,"none"
